,batter_id,batter_name,year,team,avg,G,AB,R,H,2B,3B,HR,TB,RBI,SB,CS,BB,HBP,SO,GDP,SLG,OBP,E,height/weight,year_born,position,career,starting_salary,OPS
1,1,강경학,2011,한화,0.0,2,1,0,0,0,0,0,0,0,0,0,0,0,1,0,0.0,0.0,1,180cm/72kg,1992년 08월 11일,내야수(우투좌타),광주대성초-광주동성중-광주동성고,10000만원,0.0
2,1,강경학,2014,한화,0.221,41,86,11,19,2,3,1,30,7,0,0,13,2,28,1,0.349,0.337,6,180cm/72kg,1992년 08월 11일,내야수(우투좌타),광주대성초-광주동성중-광주동성고,10000만원,0.6859999999999999
3,1,강경학,2015,한화,0.257,120,311,50,80,7,4,2,101,27,4,3,40,5,58,3,0.325,0.348,15,180cm/72kg,1992년 08월 11일,내야수(우투좌타),광주대성초-광주동성중-광주동성고,10000만원,0.6729999999999999
4,1,강경학,2016,한화,0.158,46,101,16,16,3,2,1,26,7,0,0,8,2,30,5,0.257,0.23199999999999998,7,180cm/72kg,1992년 08월 11일,내야수(우투좌타),광주대성초-광주동성중-광주동성고,10000만원,0.489
5,1,강경학,2017,한화,0.214,59,84,17,18,2,1,0,22,4,1,1,8,1,19,1,0.262,0.29,4,180cm/72kg,1992년 08월 11일,내야수(우투좌타),광주대성초-광주동성중-광주동성고,10000만원,0.552
6,1,강경학,2018,한화,0.278,77,245,42,68,11,1,5,96,27,6,3,38,4,59,7,0.392,0.382,2,180cm/72kg,1992년 08월 11일,내야수(우투좌타),광주대성초-광주동성중-광주동성고,10000만원,0.774
